customer_id,age,country
3000,fifty,US
3001,39,US
3002,unknown,UK
3003,40,US
3004,fifty,CA
3005,unknown,CA
3006,fifty,UK
3007,47,US
3008,fifty,CA
3009,40,CA
3010,unknown,UK
3011,44,US
3012,42,US
3013,70,US
3014,fifty,CA
3015,unknown,UK
3016,57,US
3017,unknown,CA
3018,35,UK
3019,24,UK
3020,44,CA
3021,21,US
3022,28,US
3023,31,CA
3024,40,CA
3025,61,UK
3026,fifty,UK
3027,unknown,CA
3028,41,CA
3029,58,UK
3030,58,UK
3031,unknown,UK
3032,fifty,CA
3033,unknown,UK
3034,42,CA
3035,52,UK
3036,unknown,US
3037,34,CA
3038,unknown,US
3039,35,UK
3040,unknown,UK
3041,unknown,UK
3042,30,US
3043,fifty,CA
3044,unknown,CA
3045,unknown,CA
3046,32,CA
3047,unknown,US
3048,fifty,CA
3049,19,US
3050,23,UK
3051,unknown,UK
3052,fifty,UK
3053,46,UK
3054,fifty,US
3055,57,US
3056,51,US
3057,fifty,CA
3058,fifty,CA
3059,fifty,CA
3060,unknown,CA
3061,fifty,CA
3062,fifty,UK
3063,61,UK
3064,23,UK
3065,52,CA
3066,fifty,CA
3067,18,US
3068,41,UK
3069,unknown,CA
3070,unknown,UK
3071,fifty,US
3072,22,US
3073,fifty,CA
3074,69,US
3075,60,CA
3076,38,CA
3077,unknown,CA
3078,40,US
3079,fifty,US
3080,unknown,UK
3081,63,UK
3082,51,US
3083,18,US
3084,40,CA
3085,unknown,US
3086,18,UK
3087,39,US
3088,66,UK
3089,fifty,US
3090,fifty,UK
3091,fifty,CA
3092,36,CA
3093,60,US
3094,31,UK
3095,fifty,US
3096,unknown,CA
3097,21,CA
3098,unknown,US
3099,54,UK
